year	state_abbreviation	population
1969	AK	294290
1969	AL	3411770
1969	AR	1893768
1969	AZ	1702945
1969	CA	19745905
1969	CO	2153153
1969	CT	3014615
1969	DC	760291
1969	DE	537811
1969	FL	6567950
1969	GA	4513265
1969	HI	751103
1969	IA	2809783
1969	ID	697487
1969	IL	11052819
1969	IN	5162578
1969	KS	2250328
1969	KY	3173740
1969	LA	3604367
1969	MA	5659435
1969	MD	3864521
1969	ME	980609
1969	MI	8827833
1969	MN	3778923
1969	MO	4650329
1969	MS	2187159
1969	MT	684222
1969	NC	5013668
1969	ND	612454
1969	NE	1473784
1969	NH	722955
1969	NJ	7104428
1969	NM	995273
1969	NV	469977
1969	NY	18167105
1969	OH	10610728
1969	OK	2523771
1969	OR	2056379
1969	PA	11750369
1969	RI	941122
1969	SC	2547708
1969	SD	663081
1969	TN	3874872
1969	TX	11010547
1969	UT	1034450
1969	VA	4589746
1969	VT	438948
1969	WA	3392905
1969	WI	4392904
1969	WV	1728411
1969	WY	327809
1970	AK	305328
1970	AL	3454557
1970	AR	1932816
1970	AZ	1799531
1970	CA	20045806
1970	CO	2228340
1970	CT	3038035
1970	DC	755466
1970	DE	551509
1970	FL	6865460
1970	GA	4611479
1970	HI	776177
1970	IA	2830777
1970	ID	718147
1970	IL	11129316
1970	IN	5206262
1970	KS	2248359
1970	KY	3236121
1970	LA	3657391
1970	MA	5699034
1970	MD	3943493
1970	ME	998135
1970	MI	8899844
1970	MN	3815381
1970	MO	4686588
1970	MS	2226138
1970	MT	697665
1970	NC	5107138
1970	ND	619616
1970	NE	1489064
1970	NH	742566
1970	NJ	7193210
1970	NM	1024290
1970	NV	494996
1970	NY	18266034
1970	OH	10672784
1970	OK	2570926
1970	OR	2103151
1970	PA	11817397
1970	RI	952555
1970	SC	2604662
1970	SD	667299
1970	TN	3942583
1970	TX	11260221
1970	UT	1067600
1970	VA	4671101
1970	VT	446649
1970	WA	3419974
1970	WI	4426419
1970	WV	1749347
1970	WY	333928
1971	AK	316366
1971	AL	3497349
1971	AR	1971940
1971	AZ	1896117
1971	CA	20345724
1971	CO	2303608
1971	CT	3061455
1971	DC	750641
1971	DE	565207
1971	FL	7162971
1971	GA	4709721
1971	HI	801251
1971	IA	2851875
1971	ID	738856
1971	IL	11205953
1971	IN	5250028
1971	KS	2246461
1971	KY	3298565
1971	LA	3710415
1971	MA	5738634
1971	MD	4022470
1971	ME	1015679
1971	MI	8971957
1971	MN	3851972
1971	MO	4722984
1971	MS	2265118
1971	MT	711153
1971	NC	5200624
1971	ND	626814
1971	NE	1504425
1971	NH	762190
1971	NJ	7281992
1971	NM	1053333
1971	NV	520027
1971	NY	18364991
1971	OH	10734897
1971	OK	2618115
1971	OR	2149942
1971	PA	11884462
1971	RI	963988
1971	SC	2661616
1971	SD	671564
1971	TN	4010338
1971	TX	11510036
1971	UT	1100798
1971	VA	4752480
1971	VT	454378
1971	WA	3447070
1971	WI	4460012
1971	WV	1770346
1971	WY	340058
1972	AK	326431
1972	AL	3540003
1972	AR	2017987
1972	AZ	2008852
1972	CA	20584918
1972	CO	2404715
1972	CT	3069631
1972	DC	743778
1972	DE	573824
1972	FL	7520382
1972	GA	4806621
1972	HI	827610
1972	IA	2860464
1972	ID	763315
1972	IL	11258208
1972	IN	5296219
1972	KS	2255791
1972	KY	3336275
1972	LA	3761799
1972	MA	5762150
1972	MD	4081123
1972	ME	1034816
1972	MI	9024729
1972	MN	3866890
1972	MO	4753328
1972	MS	2306980
1972	MT	719272
1972	NC	5296063
1972	ND	631073
1972	NE	1518356
1972	NH	781710
1972	NJ	7336570
1972	NM	1077889
1972	NV	546805
1972	NY	18351888
1972	OH	10747042
1972	OK	2657777
1972	OR	2195316
1972	PA	11904626
1972	RI	976384
1972	SC	2718294
1972	SD	677476
1972	TN	4088549
1972	TX	11759213
1972	UT	1134632
1972	VA	4827910
1972	VT	463212
1972	WA	3446895
1972	WI	4498455
1972	WV	1796949
1972	WY	346893
1973	AK	333134
1973	AL	3580759
1973	AR	2058402
1973	AZ	2125305
1973	CA	20867894
1973	CO	2495942
1973	CT	3069158
1973	DC	733677
1973	DE	579100
1973	FL	7927232
1973	GA	4906450
1973	HI	850517
1973	IA	2864033
1973	ID	782142
1973	IL	11260386
1973	IN	5329163
1973	KS	2264585
1973	KY	3371741
1973	LA	3788684
1973	MA	5783836
1973	MD	4109069
1973	ME	1046432
1973	MI	9071832
1973	MN	3885200
1973	MO	4774667
1973	MS	2349565
1973	MT	727504
1973	NC	5382396
1973	ND	632500
1973	NE	1528599
1973	NH	801832
1973	NJ	7335280
1973	NM	1104347
1973	NV	568946
1973	NY	18194899
1973	OH	10767335
1973	OK	2694412
1973	OR	2238985
1973	PA	11885290
1973	RI	978018
1973	SC	2775339
1973	SD	678998
1973	TN	4138628
1973	TX	12019599
1973	UT	1168826
1973	VA	4906505
1973	VT	468547
1973	WA	3477308
1973	WI	4518503
1973	WV	1805347
1973	WY	353385
1974	AK	344658
1974	AL	3627778
1974	AR	2100229
1974	AZ	2224356
1974	CA	21172684
1974	CO	2541424
1974	CT	3075790
1974	DC	720758
1974	DE	583149
1974	FL	8317073
1974	GA	4994465
1974	HI	866559
1974	IA	2867942
1974	ID	808043
1974	IL	11273801
1974	IN	5349955
1974	KS	2268075
1974	KY	3417229
1974	LA	3820684
1974	MA	5777027
1974	MD	4133329
1974	ME	1060069
1974	MI	9109456
1974	MN	3898512
1974	MO	4785480
1974	MS	2378460
1974	MT	737316
1974	NC	5461082
1974	ND	634267
1974	NE	1537905
1974	NH	817071
1974	NJ	7335230
1974	NM	1129663
1974	NV	596747
1974	NY	18072890
1974	OH	10765749
1974	OK	2732590
1974	OR	2281008
1974	PA	11864002
1974	RI	953519
1974	SC	2843112
1974	SD	679892
1974	TN	4201789
1974	TX	12268221
1974	UT	1198852
1974	VA	4978036
1974	VT	473148
1974	WA	3547959
1974	WI	4538220
1974	WV	1814115
1974	WY	364575
1975	AK	370866
1975	AL	3680495
1975	AR	2158257
1975	AZ	2286342
1975	CA	21536811
1975	CO	2586243
1975	CT	3084745
1975	DC	710304
1975	DE	588737
1975	FL	8541584
1975	GA	5058099
1975	HI	884406
1975	IA	2881482
1975	ID	832061
1975	IL	11306443
1975	IN	5351155
1975	KS	2278947
1975	KY	3468957
1975	LA	3886835
1975	MA	5762168
1975	MD	4157172
1975	ME	1073287
1975	MI	9107933
1975	MN	3925808
1975	MO	4795560
1975	MS	2399711
1975	MT	749209
1975	NC	5535035
1975	ND	638605
1975	NE	1541653
1975	NH	830038
1975	NJ	7341399
1975	NM	1162743
1975	NV	619877
1975	NY	18032337
1975	OH	10770620
1975	OK	2771958
1975	OR	2324646
1975	PA	11897884
1975	RI	946352
1975	SC	2900130
1975	SD	681489
1975	TN	4260943
1975	TX	12568317
1975	UT	1233990
1975	VA	5056199
1975	VT	479897
1975	WA	3618928
1975	WI	4569660
1975	WV	1840660
1975	WY	380537
1976	AK	392998
1976	AL	3737038
1976	AR	2168656
1976	AZ	2347970
1976	CA	21934604
1976	CO	2632370
1976	CT	3085999
1976	DC	696305
1976	DE	592753
1976	FL	8695198
1976	GA	5125734
1976	HI	902061
1976	IA	2903776
1976	ID	857076
1976	IL	11360331
1976	IN	5371615
1976	KS	2298892
1976	KY	3530680
1976	LA	3951506
1976	MA	5748885
1976	MD	4172112
1976	ME	1089964
1976	MI	9117539
1976	MN	3956673
1976	MO	4823715
1976	MS	2430110
1976	MT	758597
1976	NC	5593340
1976	ND	645429
1976	NE	1549128
1976	NH	847025
1976	NJ	7344079
1976	NM	1195208
1976	NV	646870
1976	NY	17974781
1976	OH	10752843
1976	OK	2823332
1976	OR	2372217
1976	PA	11887569
1976	RI	950328
1976	SC	2941304
1976	SD	686917
1976	TN	4329200
1976	TX	12903392
1976	UT	1272410
1976	VA	5132519
1976	VT	485172
1976	WA	3690628
1976	WI	4584747
1976	WV	1877536
1976	WY	395493
1977	AK	397220
1977	AL	3782571
1977	AR	2207195
1977	AZ	2427296
1977	CA	22350332
1977	CO	2696179
1977	CT	3088745
1977	DC	681766
1977	DE	594815
1977	FL	8888806
1977	GA	5211306
1977	HI	915753
1977	IA	2914404
1977	ID	883539
1977	IL	11406331
1977	IN	5405151
1977	KS	2318147
1977	KY	3575221
1977	LA	4015423
1977	MA	5744117
1977	MD	4194629
1977	ME	1105357
1977	MI	9157357
1977	MN	3979937
1977	MO	4845283
1977	MS	2459607
1977	MT	771428
1977	NC	5668363
1977	ND	649294
1977	NE	1554759
1977	NH	871873
1977	NJ	7342023
1977	NM	1225310
1977	NV	678154
1977	NY	17851561
1977	OH	10771362
1977	OK	2865865
1977	OR	2439477
1977	PA	11881959
1977	RI	955133
1977	SC	2988908
1977	SD	689104
1977	TN	4401991
1977	TX	13192014
1977	UT	1316443
1977	VA	5205505
1977	VT	492180
1977	WA	3772421
1977	WI	4613339
1977	WV	1905696
1977	WY	411606
1978	AK	402051
1978	AL	3833971
1978	AR	2240956
1978	AZ	2517851
1978	CA	22839038
1978	CO	2766843
1978	CT	3094869
1978	DC	670045
1978	DE	598183
1978	FL	9131410
1978	GA	5285688
1978	HI	928804
1978	IA	2919047
1978	ID	911042
1978	IL	11434520
1978	IN	5446484
1978	KS	2333141
1978	KY	3611577
1978	LA	4073143
1978	MA	5742953
1978	MD	4211619
1978	ME	1115461
1978	MI	9202029
1978	MN	4004738
1978	MO	4871354
1978	MS	2487840
1978	MT	784108
1978	NC	5739221
1978	ND	650802
1978	NE	1561134
1978	NH	893981
1978	NJ	7356425
1978	NM	1251898
1978	NV	719391
1978	NY	17720503
1978	OH	10795544
1978	OK	2912963
1978	OR	2509658
1978	PA	11864840
1978	RI	957247
1978	SC	3041015
1978	SD	689368
1978	TN	4461690
1978	TX	13497902
1978	UT	1364279
1978	VA	5283888
1978	VT	498306
1978	WA	3886250
1978	WI	4630998
1978	WV	1920428
1978	WY	430953
1979	AK	403367
1979	AL	3869340
1979	AR	2269073
1979	AZ	2638572
1979	CA	23255178
1979	CO	2849298
1979	CT	3099931
1979	DC	655620
1979	DE	598823
1979	FL	9470482
1979	GA	5390853
1979	HI	950042
1979	IA	2916824
1979	ID	932725
1979	IL	11422890
1979	IN	5474976
1979	KS	2347705
1979	KY	3643920
1979	LA	4139128
1979	MA	5746212
1979	MD	4223366
1979	ME	1124939
1979	MI	9248893
1979	MN	4038217
1979	MO	4889416
1979	MS	2507743
1979	MT	789255
1979	NC	5801496
1979	ND	652317
1979	NE	1564670
1979	NH	911900
1979	NJ	7373065
1979	NM	1280594
1979	NV	765194
1979	NY	17633759
1979	OH	10798677
1979	OK	2970069
1979	OR	2578367
1979	PA	11873663
1979	RI	956651
1979	SC	3086840
1979	SD	689106
1979	TN	4533346
1979	TX	13887550
1979	UT	1416142
1979	VA	5324338
1979	VT	505730
1979	WA	4012909
1979	WI	4665965
1979	WV	1939112
1979	WY	451894
1980	AK	404680
1980	AL	3899671
1980	AR	2288809
1980	AZ	2735840
1980	CA	23792840
1980	CO	2909545
1980	CT	3114221
1980	DC	637161
1980	DE	594936
1980	FL	9841159
1980	GA	5484427
1980	HI	961525
1980	IA	2915562
1980	ID	948582
1980	IL	11435454
1980	IN	5492740
1980	KS	2370088
1980	KY	3665364
1980	LA	4221583
1980	MA	5748441
1980	MD	4226191
1980	ME	1127825
1980	MI	9256676
1980	MN	4086746
1980	MO	4923025
1980	MS	2524011
1980	MT	788754
1980	NC	5896178
1980	ND	654501
1980	NE	1572854
1980	NH	924802
1980	NJ	7376972
1980	NM	1309108
1980	NV	810232
1980	NY	17566376
1980	OH	10803551
1980	OK	3040067
1980	OR	2642128
1980	PA	11872347
1980	RI	949207
1980	SC	3132387
1980	SD	690713
1980	TN	4600705
1980	TX	14337755
1980	UT	1473171
1980	VA	5367648
1980	VT	512824
1980	WA	4155198
1980	WI	4713991
1980	WV	1952874
1980	WY	474381
1981	AK	418519
1981	AL	3918526
1981	AR	2293196
1981	AZ	2810110
1981	CA	24285898
1981	CO	2977917
1981	CT	3128849
1981	DC	636891
1981	DE	595974
1981	FL	10192814
1981	GA	5568420
1981	HI	978201
1981	IA	2908003
1981	ID	962244
1981	IL	11443511
1981	IN	5480482
1981	KS	2384813
1981	KY	3670396
1981	LA	4283312
1981	MA	5768702
1981	MD	4261930
1981	ME	1133039
1981	MI	9209352
1981	MN	4111752
1981	MO	4932103
1981	MS	2539038
1981	MT	795330
1981	NC	5956718
1981	ND	659494
1981	NE	1578481
1981	NH	936630
1981	NJ	7407508
1981	NM	1332768
1981	NV	847644
1981	NY	17567730
1981	OH	10788342
1981	OK	3096133
1981	OR	2667999
1981	PA	11858669
1981	RI	953015
1981	SC	3179269
1981	SD	689582
1981	TN	4627668
1981	TX	14746340
1981	UT	1515483
1981	VA	5444155
1981	VT	515588
1981	WA	4235733
1981	WI	4726315
1981	WV	1954105
1981	WY	491700
1982	AK	449608
1982	AL	3925328
1982	AR	2294297
1982	AZ	2889877
1982	CA	24820025
1982	CO	3061599
1982	CT	3139008
1982	DC	634174
1982	DE	599149
1982	FL	10471438
1982	GA	5649788
1982	HI	993775
1982	IA	2888209
1982	ID	973714
1982	IL	11423449
1982	IN	5467946
1982	KS	2401220
1982	KY	3683427
1982	LA	4352625
1982	MA	5771203
1982	MD	4282946
1982	ME	1136698
1982	MI	9115204
1982	MN	4131469
1982	MO	4929471
1982	MS	2556810
1982	MT	803966
1982	NC	6019166
1982	ND	668960
1982	NE	1581747
1982	NH	947716
1982	NJ	7431031
1982	NM	1363854
1982	NV	881550
1982	NY	17589772
1982	OH	10757118
1982	OK	3206103
1982	OR	2664930
1982	PA	11845214
1982	RI	954178
1982	SC	3207614
1982	SD	690586
1982	TN	4646050
1982	TX	15331379
1982	UT	1558322
1982	VA	5492848
1982	VT	519113
1982	WA	4276533
1982	WI	4728879
1982	WV	1949642
1982	WY	506378
1983	AK	488423
1983	AL	3934100
1983	AR	2305796
1983	AZ	2968912
1983	CA	25360028
1983	CO	3133614
1983	CT	3162366
1983	DC	632433
1983	DE	605455
1983	FL	10749908
1983	GA	5728301
1983	HI	1012718
1983	IA	2870580
1983	ID	981895
1983	IL	11408779
1983	IN	5450407
1983	KS	2415565
1983	KY	3694465
1983	LA	4395334
1983	MA	5799434
1983	MD	4313319
1983	ME	1144777
1983	MI	9047772
1983	MN	4141479
1983	MO	4943767
1983	MS	2567731
1983	MT	814009
1983	NC	6077149
1983	ND	676664
1983	NE	1584296
1983	NH	958127
1983	NJ	7467818
1983	NM	1394380
1983	NV	901987
1983	NY	17686905
1983	OH	10737664
1983	OK	3290412
1983	OR	2653095
1983	PA	11837787
1983	RI	956378
1983	SC	3234093
1983	SD	693017
1983	TN	4659799
1983	TX	15751679
1983	UT	1594953
1983	VA	5564676
1983	VT	523310
1983	WA	4300267
1983	WI	4721428
1983	WV	1945096
1983	WY	510350
1984	AK	513697
1984	AL	3951766
1984	AR	2319782
1984	AZ	3067125
1984	CA	25844380
1984	CO	3170024
1984	CT	3180017
1984	DC	633385
1984	DE	611567
1984	FL	11039982
1984	GA	5835018
1984	HI	1027923
1984	IA	2858631
1984	ID	990811
1984	IL	11412194
1984	IN	5458334
1984	KS	2424119
1984	KY	3695426
1984	LA	4400521
1984	MA	5840782
1984	MD	4365282
1984	ME	1155646
1984	MI	9049453
1984	MN	4157708
1984	MO	4975276
1984	MS	2578030
1984	MT	820868
1984	NC	6164036
1984	ND	680484
1984	NE	1588598
1984	NH	976879
1984	NJ	7515486
1984	NM	1416763
1984	NV	924917
1984	NY	17745710
1984	OH	10737767
1984	OK	3285581
1984	OR	2666598
1984	PA	11815214
1984	RI	961898
1984	SC	3271923
1984	SD	697207
1984	TN	4686803
1984	TX	16007171
1984	UT	1622339
1984	VA	5643937
1984	VT	526662
1984	WA	4343670
1984	WI	4735588
1984	WV	1927675
1984	WY	504891
1985	AK	532503
1985	AL	3972539
1985	AR	2327069
1985	AZ	3183536
1985	CA	26441100
1985	CO	3208691
1985	CT	3201120
1985	DC	634545
1985	DE	618287
1985	FL	11351091
1985	GA	5962708
1985	HI	1039689
1985	IA	2829691
1985	ID	994050
1985	IL	11399816
1985	IN	5459201
1985	KS	2427428
1985	KY	3694833
1985	LA	4408128
1985	MA	5880748
1985	MD	4413118
1985	ME	1162942
1985	MI	9076282
1985	MN	4184290
1985	MO	5000286
1985	MS	2588120
1985	MT	822326
1985	NC	6253991
1985	ND	676978
1985	NE	1584659
1985	NH	996760
1985	NJ	7565511
1985	NM	1438385
1985	NV	951040
1985	NY	17791750
1985	OH	10734943
1985	OK	3271395
1985	OR	2672681
1985	PA	11770908
1985	RI	968958
1985	SC	3303250
1985	SD	698404
1985	TN	4715288
1985	TX	16272777
1985	UT	1642906
1985	VA	5715198
1985	VT	530031
1985	WA	4400084
1985	WI	4747766
1985	WV	1906823
1985	WY	499688
1986	AK	544270
1986	AL	3991552
1986	AR	2331988
1986	AZ	3308269
1986	CA	27102241
1986	CO	3237457
1986	CT	3223744
1986	DC	638280
1986	DE	627545
1986	FL	11667511
1986	GA	6084739
1986	HI	1051767
1986	IA	2791923
1986	ID	990259
1986	IL	11387247
1986	IN	5454137
1986	KS	2432638
1986	KY	3687821
1986	LA	4406953
1986	MA	5902658
1986	MD	4487008
1986	ME	1170120
1986	MI	9127778
1986	MN	4205257
1986	MO	5023077
1986	MS	2593609
1986	MT	813770
1986	NC	6321646
1986	ND	669520
1986	NE	1574301
1986	NH	1025069
1986	NJ	7622189
1986	NM	1462762
1986	NV	980635
1986	NY	17833489
1986	OH	10730284
1986	OK	3252756
1986	OR	2683537
1986	PA	11782786
1986	RI	977341
1986	SC	3342740
1986	SD	696014
1986	TN	4738700
1986	TX	16561153
1986	UT	1662830
1986	VA	5811695
1986	VT	534065
1986	WA	4452726
1986	WI	4755646
1986	WV	1882351
1986	WY	495619
1987	AK	539324
1987	AL	4015266
1987	AR	2342405
1987	AZ	3437097
1987	CA	27777121
1987	CO	3260504
1987	CT	3247304
1987	DC	636931
1987	DE	636950
1987	FL	11997293
1987	GA	6208502
1987	HI	1067914
1987	IA	2767011
1987	ID	985010
1987	IL	11391175
1987	IN	5473040
1987	KS	2445422
1987	KY	3683341
1987	LA	4344222
1987	MA	5935207
1987	MD	4565574
1987	ME	1184588
1987	MI	9187469
1987	MN	4235173
1987	MO	5056727
1987	MS	2588571
1987	MT	805084
1987	NC	6403731
1987	ND	661140
1987	NE	1566549
1987	NH	1054291
1987	NJ	7670784
1987	NM	1478507
1987	NV	1023357
1987	NY	17868881
1987	OH	10760062
1987	OK	3210172
1987	OR	2701015
1987	PA	11810896
1987	RI	989597
1987	SC	3380520
1987	SD	696032
1987	TN	4782935
1987	TX	16621954
1987	UT	1678126
1987	VA	5932261
1987	VT	540266
1987	WA	4531896
1987	WI	4777977
1987	WV	1857590
1987	WY	476974
1988	AK	541999
1988	AL	4023902
1988	AR	2342643
1988	AZ	3535200
1988	CA	28464230
1988	CO	3262279
1988	CT	3271957
1988	DC	630427
1988	DE	647621
1988	FL	12306421
1988	GA	6316185
1988	HI	1079830
1988	IA	2768370
1988	ID	985680
1988	IL	11390222
1988	IN	5491729
1988	KS	2462057
1988	KY	3679990
1988	LA	4288939
1988	MA	5979997
1988	MD	4657894
1988	ME	1203850
1988	MI	9218025
1988	MN	4296162
1988	MO	5081731
1988	MS	2580377
1988	MT	800194
1988	NC	6480675
1988	ND	655324
1988	NE	1571465
1988	NH	1082583
1988	NJ	7712352
1988	NM	1490356
1988	NV	1075033
1988	NY	17941357
1988	OH	10798630
1988	OK	3167148
1988	OR	2741316
1988	PA	11845774
1988	RI	996406
1988	SC	3412102
1988	SD	698144
1988	TN	4822432
1988	TX	16667146
1988	UT	1689374
1988	VA	6036907
1988	VT	549758
1988	WA	4639911
1988	WI	4822365
1988	WV	1830227
1988	WY	465080
1989	AK	547170
1989	AL	4030239
1989	AR	2346375
1989	AZ	3622180
1989	CA	29218163
1989	CO	3275826
1989	CT	3283420
1989	DC	624160
1989	DE	658279
1989	FL	12637697
1989	GA	6411121
1989	HI	1094587
1989	IA	2770581
1989	ID	994396
1989	IL	11409801
1989	IN	5523668
1989	KS	2472864
1989	KY	3677287
1989	LA	4252958
1989	MA	6015492
1989	MD	4727303
1989	ME	1219968
1989	MI	9253339
1989	MN	4338036
1989	MO	5095833
1989	MS	2574306
1989	MT	799657
1989	NC	6565546
1989	ND	646359
1989	NE	1574848
1989	NH	1104519
1989	NJ	7726114
1989	NM	1503936
1989	NV	1137391
1989	NY	17983082
1989	OH	10829255
1989	OK	3150372
1989	OR	2790579
1989	PA	11866027
1989	RI	1000670
1989	SC	3456772
1989	SD	696787
1989	TN	4854463
1989	TX	16806831
1989	UT	1705886
1989	VA	6120244
1989	VT	557715
1989	WA	4746314
1989	WI	4856478
1989	WV	1806569
1989	WY	458376
1990	AK	553290
1990	AL	4050055
1990	AR	2356586
1990	AZ	3684097
1990	CA	29959515
1990	CO	3307618
1990	CT	3291967
1990	DC	605321
1990	DE	669567
1990	FL	13033307
1990	GA	6512602
1990	HI	1113491
1990	IA	2781018
1990	ID	1012384
1990	IL	11453316
1990	IN	5557798
1990	KS	2481349
1990	KY	3694048
1990	LA	4221532
1990	MA	6022639
1990	MD	4799770
1990	ME	1231719
1990	MI	9311319
1990	MN	4389857
1990	MO	5128880
1990	MS	2578897
1990	MT	800204
1990	NC	6664016
1990	ND	637685
1990	NE	1581660
1990	NH	1112384
1990	NJ	7762963
1990	NM	1521574
1990	NV	1220695
1990	NY	18020784
1990	OH	10864162
1990	OK	3148825
1990	OR	2860375
1990	PA	11903299
1990	RI	1005995
1990	SC	3501155
1990	SD	697101
1990	TN	4894492
1990	TX	17056755
1990	UT	1731223
1990	VA	6216884
1990	VT	564798
1990	WA	4903043
1990	WI	4904562
1990	WV	1792548
1990	WY	453690
1991	AK	570193
1991	AL	4099156
1991	AR	2383144
1991	AZ	3788576
1991	CA	30470736
1991	CO	3387119
1991	CT	3302895
1991	DC	600870
1991	DE	683080
1991	FL	13369798
1991	GA	6653005
1991	HI	1136754
1991	IA	2797613
1991	ID	1041316
1991	IL	11568964
1991	IN	5616388
1991	KS	2498722
1991	KY	3722328
1991	LA	4253279
1991	MA	6018470
1991	MD	4867641
1991	ME	1237081
1991	MI	9400446
1991	MN	4440859
1991	MO	5170800
1991	MS	2598733
1991	MT	809680
1991	NC	6784280
1991	ND	635753
1991	NE	1595919
1991	NH	1109929
1991	NJ	7814676
1991	NM	1555305
1991	NV	1296171
1991	NY	18122510
1991	OH	10945762
1991	OK	3175440
1991	OR	2928507
1991	PA	11982164
1991	RI	1010649
1991	SC	3570404
1991	SD	703669
1991	TN	4966587
1991	TX	17398005
1991	UT	1779780
1991	VA	6301217
1991	VT	568606
1991	WA	5025624
1991	WI	4964343
1991	WV	1798735
1991	WY	459260
1992	AK	588736
1992	AL	4154014
1992	AR	2415984
1992	AZ	3915740
1992	CA	30974659
1992	CO	3495939
1992	CT	3300712
1992	DC	597565
1992	DE	694925
1992	FL	13650553
1992	GA	6817203
1992	HI	1158613
1992	IA	2818401
1992	ID	1071685
1992	IL	11694184
1992	IN	5674547
1992	KS	2532394
1992	KY	3765469
1992	LA	4293003
1992	MA	6028709
1992	MD	4923368
1992	ME	1238508
1992	MI	9479065
1992	MN	4495572
1992	MO	5217101
1992	MS	2623734
1992	MT	825770
1992	NC	6897214
1992	ND	638223
1992	NE	1611687
1992	NH	1117784
1992	NJ	7880508
1992	NM	1595442
1992	NV	1351367
1992	NY	18246653
1992	OH	11029431
1992	OK	3220517
1992	OR	2991755
1992	PA	12049450
1992	RI	1012581
1992	SC	3620464
1992	SD	712801
1992	TN	5049742
1992	TX	17759738
1992	UT	1836799
1992	VA	6414307
1992	VT	572751
1992	WA	5160757
1992	WI	5025398
1992	WV	1806451
1992	WY	466251
1993	AK	599432
1993	AL	4214202
1993	AR	2456303
1993	AZ	4065440
1993	CA	31274928
1993	CO	3613734
1993	CT	3309175
1993	DC	595301
1993	DE	706378
1993	FL	13927185
1993	GA	6978240
1993	HI	1172838
1993	IA	2836972
1993	ID	1108768
1993	IL	11809579
1993	IN	5739019
1993	KS	2556547
1993	KY	3812206
1993	LA	4316428
1993	MA	6060569
1993	MD	4971889
1993	ME	1242302
1993	MI	9540114
1993	MN	4555954
1993	MO	5271175
1993	MS	2655100
1993	MT	844761
1993	NC	7042818
1993	ND	641216
1993	NE	1625590
1993	NH	1129458
1993	NJ	7948915
1993	NM	1636453
1993	NV	1411215
1993	NY	18374954
1993	OH	11101140
1993	OK	3252285
1993	OR	3060367
1993	PA	12119724
1993	RI	1015112
1993	SC	3663314
1993	SD	722159
1993	TN	5137584
1993	TX	18161612
1993	UT	1898404
1993	VA	6509630
1993	VT	577748
1993	WA	5278842
1993	WI	5084889
1993	WV	1817539
1993	WY	473081
1994	AK	603308
1994	AL	4260229
1994	AR	2494019
1994	AZ	4245089
1994	CA	31484435
1994	CO	3724168
1994	CT	3316121
1994	DC	589239
1994	DE	717545
1994	FL	14239444
1994	GA	7157165
1994	HI	1187536
1994	IA	2850746
1994	ID	1145140
1994	IL	11912585
1994	IN	5793526
1994	KS	2580513
1994	KY	3849088
1994	LA	4347481
1994	MA	6095241
1994	MD	5023060
1994	ME	1242662
1994	MI	9597737
1994	MN	4610355
1994	MO	5324497
1994	MS	2688992
1994	MT	861306
1994	NC	7187398
1994	ND	644804
1994	NE	1639041
1994	NH	1142560
1994	NJ	8014306
1994	NM	1682398
1994	NV	1499298
1994	NY	18459470
1994	OH	11152454
1994	OK	3280940
1994	OR	3121264
1994	PA	12166050
1994	RI	1015960
1994	SC	3705397
1994	SD	730790
1994	TN	5231438
1994	TX	18564062
1994	UT	1960446
1994	VA	6593139
1994	VT	583836
1994	WA	5375161
1994	WI	5133678
1994	WV	1820421
1994	WY	480283
1995	AK	604412
1995	AL	4296800
1995	AR	2535399
1995	AZ	4432499
1995	CA	31696582
1995	CO	3826653
1995	CT	3324144
1995	DC	580517
1995	DE	729734
1995	FL	14537875
1995	GA	7328413
1995	HI	1196854
1995	IA	2867373
1995	ID	1177322
1995	IL	12008437
1995	IN	5851459
1995	KS	2601007
1995	KY	3887427
1995	LA	4378779
1995	MA	6141445
1995	MD	5070033
1995	ME	1243480
1995	MI	9676211
1995	MN	4660180
1995	MO	5378247
1995	MS	2722659
1995	MT	876553
1995	NC	7344674
1995	ND	647832
1995	NE	1656992
1995	NH	1157561
1995	NJ	8083242
1995	NM	1720394
1995	NV	1581578
1995	NY	18524104
1995	OH	11202751
1995	OK	3308208
1995	OR	3184369
1995	PA	12198403
1995	RI	1017002
1995	SC	3748582
1995	SD	737925
1995	TN	5326936
1995	TX	18958751
1995	UT	2014177
1995	VA	6670693
1995	VT	589002
1995	WA	5481027
1995	WI	5184836
1995	WV	1823700
1995	WY	485160
1996	AK	608569
1996	AL	4331102
1996	AR	2572109
1996	AZ	4586940
1996	CA	32018834
1996	CO	3919972
1996	CT	3336685
1996	DC	572377
1996	DE	740977
1996	FL	14853360
1996	GA	7501069
1996	HI	1203755
1996	IA	2880000
1996	ID	1203083
1996	IL	12101997
1996	IN	5906013
1996	KS	2614554
1996	KY	3919535
1996	LA	4398877
1996	MA	6179756
1996	MD	5111986
1996	ME	1249060
1996	MI	9758645
1996	MN	4712827
1996	MO	5431553
1996	MS	2748085
1996	MT	886254
1996	NC	7500670
1996	ND	650382
1996	NE	1673740
1996	NH	1174719
1996	NJ	8149596
1996	NM	1752326
1996	NV	1666320
1996	NY	18588460
1996	OH	11242827
1996	OK	3340129
1996	OR	3247111
1996	PA	12220464
1996	RI	1020893
1996	SC	3796200
1996	SD	742213
1996	TN	5416643
1996	TX	19340342
1996	UT	2067976
1996	VA	6750884
1996	VT	593701
1996	WA	5569753
1996	WI	5229986
1996	WV	1822808
1996	WY	488167
1997	AK	612968
1997	AL	4367935
1997	AR	2601090
1997	AZ	4736990
1997	CA	32486010
1997	CO	4018293
1997	CT	3349348
1997	DC	567736
1997	DE	751487
1997	FL	15186304
1997	GA	7685099
1997	HI	1211640
1997	IA	2891119
1997	ID	1228520
1997	IL	12185715
1997	IN	5955267
1997	KS	2635292
1997	KY	3952747
1997	LA	4421071
1997	MA	6226058
1997	MD	5157328
1997	ME	1254774
1997	MI	9809051
1997	MN	4763390
1997	MO	5481193
1997	MS	2777004
1997	MT	889865
1997	NC	7656825
1997	ND	649716
1997	NE	1686418
1997	NH	1189425
1997	NJ	8218808
1997	NM	1774839
1997	NV	1764104
1997	NY	18656546
1997	OH	11277357
1997	OK	3372917
1997	OR	3304310
1997	PA	12227814
1997	RI	1025353
1997	SC	3859696
1997	SD	744223
1997	TN	5499233
1997	TX	19740317
1997	UT	2119784
1997	VA	6829183
1997	VT	597239
1997	WA	5674747
1997	WI	5266213
1997	WV	1819113
1997	WY	489451
1998	AK	619932
1998	AL	4404701
1998	AR	2626289
1998	AZ	4883342
1998	CA	32987675
1998	CO	4116639
1998	CT	3365352
1998	DC	565230
1998	DE	763335
1998	FL	15486559
1998	GA	7863536
1998	HI	1215233
1998	IA	2902872
1998	ID	1252330
1998	IL	12271847
1998	IN	5998880
1998	KS	2660598
1998	KY	3985390
1998	LA	4440344
1998	MA	6271838
1998	MD	5204464
1998	ME	1259127
1998	MI	9847942
1998	MN	4813412
1998	MO	5521765
1998	MS	2804834
1998	MT	892431
1998	NC	7809121
1998	ND	647532
1998	NE	1695816
1998	NH	1205940
1998	NJ	8287418
1998	NM	1793484
1998	NV	1853191
1998	NY	18755906
1998	OH	11311536
1998	OK	3405194
1998	OR	3352449
1998	PA	12245672
1998	RI	1031155
1998	SC	3919235
1998	SD	746058
1998	TN	5570045
1998	TX	20157531
1998	UT	2165960
1998	VA	6900918
1998	VT	600416
1998	WA	5769562
1998	WI	5297672
1998	WV	1815609
1998	WY	490787
1999	AK	624779
1999	AL	4430141
1999	AR	2651860
1999	AZ	5023823
1999	CA	33499204
1999	CO	4226018
1999	CT	3386401
1999	DC	570213
1999	DE	774990
1999	FL	15759421
1999	GA	8045965
1999	HI	1210300
1999	IA	2917634
1999	ID	1275674
1999	IL	12359020
1999	IN	6044969
1999	KS	2678338
1999	KY	4018053
1999	LA	4460811
1999	MA	6317345
1999	MD	5254509
1999	ME	1266808
1999	MI	9897116
1999	MN	4873481
1999	MO	5561948
1999	MS	2828408
1999	MT	897507
1999	NC	7949361
1999	ND	644259
1999	NE	1704764
1999	NH	1222014
1999	NJ	8359592
1999	NM	1808082
1999	NV	1934718
1999	NY	18882725
1999	OH	11335454
1999	OK	3437147
1999	OR	3393941
1999	PA	12263805
1999	RI	1040402
1999	SC	3974682
1999	SD	750412
1999	TN	5638706
1999	TX	20558220
1999	UT	2203482
1999	VA	7000174
1999	VT	604683
1999	WA	5842564
1999	WI	5332666
1999	WV	1811799
1999	WY	491780
2000	AK	627963
2000	AL	4452173
2000	AR	2678588
2000	AZ	5160586
2000	CA	33987977
2000	CO	4326921
2000	CT	3411777
2000	DC	572046
2000	DE	786373
2000	FL	16047515
2000	GA	8227303
2000	HI	1213519
2000	IA	2929067
2000	ID	1299430
2000	IL	12434161
2000	IN	6091866
2000	KS	2693681
2000	KY	4049021
2000	LA	4471885
2000	MA	6361104
2000	MD	5311034
2000	ME	1277072
2000	MI	9952450
2000	MN	4933692
2000	MO	5607285
2000	MS	2848353
2000	MT	903773
2000	NC	8081614
2000	ND	642023
2000	NE	1713820
2000	NH	1239882
2000	NJ	8430621
2000	NM	1821204
2000	NV	2018741
2000	NY	19001780
2000	OH	11363543
2000	OK	3454365
2000	OR	3429708
2000	PA	12284173
2000	RI	1050268
2000	SC	4024223
2000	SD	755844
2000	TN	5703719
2000	TX	20944499
2000	UT	2244502
2000	VA	7105817
2000	VT	609618
2000	WA	5910512
2000	WI	5373999
2000	WV	1807021
2000	WY	494300
2001	AK	633714
2001	AL	4467634
2001	AR	2691571
2001	AZ	5273477
2001	CA	34479458
2001	CO	4425687
2001	CT	3432835
2001	DC	574504
2001	DE	795699
2001	FL	16356966
2001	GA	8377038
2001	HI	1225948
2001	IA	2931997
2001	ID	1319962
2001	IL	12488445
2001	IN	6127760
2001	KS	2702162
2001	KY	4068132
2001	LA	4477875
2001	MA	6397634
2001	MD	5374691
2001	ME	1285692
2001	MI	9991120
2001	MN	4982796
2001	MO	5641142
2001	MS	2852994
2001	MT	906961
2001	NC	8210122
2001	ND	639062
2001	NE	1719836
2001	NH	1255517
2001	NJ	8492671
2001	NM	1831690
2001	NV	2098399
2001	NY	19082838
2001	OH	11387404
2001	OK	3467100
2001	OR	3467937
2001	PA	12298970
2001	RI	1057142
2001	SC	4064995
2001	SD	757972
2001	TN	5750789
2001	TX	21319622
2001	UT	2283715
2001	VA	7198362
2001	VT	612223
2001	WA	5985722
2001	WI	5406835
2001	WV	1801481
2001	WY	494657
2002	AK	642337
2002	AL	4480089
2002	AR	2705927
2002	AZ	5396255
2002	CA	34871843
2002	CO	4490406
2002	CT	3458749
2002	DC	573158
2002	DE	806169
2002	FL	16689370
2002	GA	8508256
2002	HI	1239613
2002	IA	2934234
2002	ID	1340372
2002	IL	12525556
2002	IN	6155967
2002	KS	2713535
2002	KY	4089875
2002	LA	4497267
2002	MA	6417206
2002	MD	5440389
2002	ME	1295960
2002	MI	10015710
2002	MN	5018935
2002	MO	5674825
2002	MS	2858681
2002	MT	911667
2002	NC	8326201
2002	ND	638168
2002	NE	1728292
2002	NH	1269089
2002	NJ	8552643
2002	NM	1855309
2002	NV	2173791
2002	NY	19137800
2002	OH	11407889
2002	OK	3489080
2002	OR	3513424
2002	PA	12331031
2002	RI	1065995
2002	SC	4107795
2002	SD	760020
2002	TN	5795918
2002	TX	21690325
2002	UT	2324815
2002	VA	7286873
2002	VT	615442
2002	WA	6052349
2002	WI	5445162
2002	WV	1805414
2002	WY	500017
2003	AK	648414
2003	AL	4503491
2003	AR	2724816
2003	AZ	5510364
2003	CA	35253159
2003	CO	4528732
2003	CT	3484336
2003	DC	568502
2003	DE	818003
2003	FL	17004085
2003	GA	8622793
2003	HI	1251154
2003	IA	2941999
2003	ID	1363380
2003	IL	12556006
2003	IN	6196638
2003	KS	2723004
2003	KY	4117170
2003	LA	4521042
2003	MA	6422565
2003	MD	5496269
2003	ME	1306513
2003	MI	10041152
2003	MN	5053572
2003	MO	5709403
2003	MS	2868312
2003	MT	919630
2003	NC	8422501
2003	ND	638817
2003	NE	1738643
2003	NH	1279840
2003	NJ	8601402
2003	NM	1877574
2003	NV	2248850
2003	NY	19175939
2003	OH	11434788
2003	OK	3504892
2003	OR	3547376
2003	PA	12374658
2003	RI	1071342
2003	SC	4150297
2003	SD	763729
2003	TN	5847812
2003	TX	22030931
2003	UT	2360137
2003	VA	7366977
2003	VT	617858
2003	WA	6104115
2003	WI	5479203
2003	WV	1812295
2003	WY	503453
2004	AK	659286
2004	AL	4530729
2004	AR	2749686
2004	AZ	5652404
2004	CA	35574576
2004	CO	4575013
2004	CT	3496094
2004	DC	567754
2004	DE	830803
2004	FL	17415318
2004	GA	8769252
2004	HI	1273569
2004	IA	2953635
2004	ID	1391802
2004	IL	12589773
2004	IN	6233007
2004	KS	2734373
2004	KY	4146101
2004	LA	4552238
2004	MA	6412281
2004	MD	5546935
2004	ME	1313688
2004	MI	10055315
2004	MN	5087713
2004	MO	5747741
2004	MS	2889010
2004	MT	930009
2004	NC	8553152
2004	ND	644705
2004	NE	1749370
2004	NH	1290121
2004	NJ	8634561
2004	NM	1903808
2004	NV	2346222
2004	NY	19171567
2004	OH	11452251
2004	OK	3525233
2004	OR	3569463
2004	PA	12410722
2004	RI	1074579
2004	SC	4210921
2004	SD	770396
2004	TN	5910809
2004	TX	22394023
2004	UT	2401580
2004	VA	7475575
2004	VT	619920
2004	WA	6178645
2004	WI	5514026
2004	WV	1816438
2004	WY	509106
2005	AK	666946
2005	AL	4569805
2005	AR	2781097
2005	AZ	5839077
2005	CA	35827943
2005	CO	4631888
2005	CT	3506956
2005	DC	567136
2005	DE	845150
2005	FL	17842038
2005	GA	8925922
2005	HI	1292729
2005	IA	2964454
2005	ID	1428241
2005	IL	12609903
2005	IN	6278616
2005	KS	2745299
2005	KY	4182742
2005	LA	4576628
2005	MA	6403290
2005	MD	5592379
2005	ME	1318787
2005	MI	10051137
2005	MN	5119598
2005	MO	5790300
2005	MS	2905943
2005	MT	940102
2005	NC	8705407
2005	ND	646089
2005	NE	1761497
2005	NH	1298492
2005	NJ	8651974
2005	NM	1932274
2005	NV	2432143
2005	NY	19132610
2005	OH	11463320
2005	OK	3548597
2005	OR	3613202
2005	PA	12449990
2005	RI	1067916
2005	SC	4270150
2005	SD	775493
2005	TN	5991057
2005	TX	22778123
2005	UT	2457719
2005	VA	7577105
2005	VT	621215
2005	WA	6257305
2005	WI	5546166
2005	WV	1820492
2005	WY	514157
2006	AK	675302
2006	AL	4628981
2006	AR	2821761
2006	AZ	6029141
2006	CA	36021202
2006	CO	4720423
2006	CT	3517460
2006	DC	570681
2006	DE	859268
2006	FL	18166990
2006	GA	9155813
2006	HI	1309731
2006	IA	2982644
2006	ID	1468669
2006	IL	12643955
2006	IN	6332669
2006	KS	2762931
2006	KY	4219239
2006	LA	4302665
2006	MA	6410084
2006	MD	5627367
2006	ME	1323619
2006	MI	10036081
2006	MN	5163555
2006	MO	5842704
2006	MS	2904978
2006	MT	952692
2006	NC	8917270
2006	ND	649422
2006	NE	1772693
2006	NH	1308389
2006	NJ	8661679
2006	NM	1962137
2006	NV	2522658
2006	NY	19104631
2006	OH	11481213
2006	OK	3594090
2006	OR	3670883
2006	PA	12510809
2006	RI	1063096
2006	SC	4357847
2006	SD	783033
2006	TN	6088766
2006	TX	23359580
2006	UT	2525507
2006	VA	7673725
2006	VT	622892
2006	WA	6370753
2006	WI	5577655
2006	WV	1827912
2006	WY	522667
2007	AK	680300
2007	AL	4672840
2007	AR	2848650
2007	AZ	6167681
2007	CA	36250311
2007	CO	4803868
2007	CT	3527270
2007	DC	574404
2007	DE	871749
2007	FL	18367842
2007	GA	9349988
2007	HI	1315675
2007	IA	2999212
2007	ID	1505105
2007	IL	12695866
2007	IN	6379599
2007	KS	2783785
2007	KY	4256672
2007	LA	4375581
2007	MA	6431559
2007	MD	5653408
2007	ME	1327040
2007	MI	10001284
2007	MN	5207203
2007	MO	5887612
2007	MS	2928350
2007	MT	964706
2007	NC	9118037
2007	ND	652822
2007	NE	1783440
2007	NH	1312540
2007	NJ	8677885
2007	NM	1990070
2007	NV	2601072
2007	NY	19132335
2007	OH	11500468
2007	OK	3634349
2007	OR	3722417
2007	PA	12563937
2007	RI	1057315
2007	SC	4444110
2007	SD	791623
2007	TN	6175727
2007	TX	23831983
2007	UT	2597746
2007	VA	7751000
2007	VT	623481
2007	WA	6461587
2007	WI	5610775
2007	WV	1834052
2007	WY	534876
2008	AK	687455
2008	AL	4718206
2008	AR	2874554
2008	AZ	6280362
2008	CA	36604337
2008	CO	4889730
2008	CT	3545579
2008	DC	580236
2008	DE	883874
2008	FL	18527305
2008	GA	9504843
2008	HI	1332213
2008	IA	3016734
2008	ID	1534320
2008	IL	12747038
2008	IN	6424806
2008	KS	2808076
2008	KY	4289878
2008	LA	4435586
2008	MA	6468967
2008	MD	5684965
2008	ME	1330509
2008	MI	9946889
2008	MN	5247018
2008	MO	5923916
2008	MS	2947806
2008	MT	976415
2008	NC	9309449
2008	ND	657569
2008	NE	1796378
2008	NH	1315906
2008	NJ	8711090
2008	NM	2010662
2008	NV	2653630
2008	NY	19212436
2008	OH	11515391
2008	OK	3668976
2008	OR	3768748
2008	PA	12612285
2008	RI	1055003
2008	SC	4528996
2008	SD	799124
2008	TN	6247411
2008	TX	24309039
2008	UT	2663029
2008	VA	7833496
2008	VT	624151
2008	WA	6562231
2008	WI	5640996
2008	WV	1840310
2008	WY	546043
2009	AK	698895
2009	AL	4757938
2009	AR	2896843
2009	AZ	6343154
2009	CA	36961229
2009	CO	4972195
2009	CT	3561807
2009	DC	592228
2009	DE	891730
2009	FL	18652644
2009	GA	9620846
2009	HI	1346717
2009	IA	3032870
2009	ID	1554439
2009	IL	12796778
2009	IN	6459325
2009	KS	2832704
2009	KY	4317074
2009	LA	4491648
2009	MA	6517613
2009	MD	5730388
2009	ME	1329590
2009	MI	9901591
2009	MN	5281203
2009	MO	5961088
2009	MS	2958774
2009	MT	983982
2009	NC	9449566
2009	ND	664968
2009	NE	1812683
2009	NH	1316102
2009	NJ	8755602
2009	NM	2036802
2009	NV	2684665
2009	NY	19307066
2009	OH	11528896
2009	OK	3717572
2009	OR	3808600
2009	PA	12666858
2009	RI	1053646
2009	SC	4589872
2009	SD	807067
2009	TN	6306019
2009	TX	24801761
2009	UT	2723421
2009	VA	7925937
2009	VT	624817
2009	WA	6667426
2009	WI	5669264
2009	WV	1847775
2009	WY	559851
2010	AK	714031
2010	AL	4785492
2010	AR	2921995
2010	AZ	6408312
2010	CA	37332685
2010	CO	5048644
2010	CT	3579899
2010	DC	605183
2010	DE	899816
2010	FL	18849098
2010	GA	9713521
2010	HI	1363945
2010	IA	3050738
2010	ID	1571010
2010	IL	12841578
2010	IN	6490528
2010	KS	2858850
2010	KY	4348662
2010	LA	4544996
2010	MA	6565524
2010	MD	5788584
2010	ME	1327730
2010	MI	9877495
2010	MN	5311147
2010	MO	5996118
2010	MS	2970322
2010	MT	990641
2010	NC	9558915
2010	ND	674526
2010	NE	1830051
2010	NH	1316872
2010	NJ	8803729
2010	NM	2064756
2010	NV	2703284
2010	NY	19402640
2010	OH	11540983
2010	OK	3759603
2010	OR	3838048
2010	PA	12712343
2010	RI	1053337
2010	SC	4635943
2010	SD	816325
2010	TN	6356671
2010	TX	25244310
2010	UT	2775326
2010	VA	8025773
2010	VT	625982
2010	WA	6743226
2010	WI	5690263
2010	WV	1854230
2010	WY	564513
2011	AK	722713
2011	AL	4799918
2011	AR	2939493
2011	AZ	6467163
2011	CA	37676861
2011	CO	5118360
2011	CT	3589893
2011	DC	620477
2011	DE	907924
2011	FL	19096952
2011	GA	9811610
2011	HI	1377864
2011	IA	3065223
2011	ID	1584143
2011	IL	12860012
2011	IN	6516480
2011	KS	2869503
2011	KY	4369354
2011	LA	4575404
2011	MA	6611923
2011	MD	5843603
2011	ME	1328231
2011	MI	9876213
2011	MN	5348562
2011	MO	6010717
2011	MS	2978162
2011	MT	997821
2011	NC	9650963
2011	ND	685476
2011	NE	1842283
2011	NH	1318473
2011	NJ	8841243
2011	NM	2077756
2011	NV	2718379
2011	NY	19519529
2011	OH	11544824
2011	OK	3786274
2011	OR	3868031
2011	PA	12744293
2011	RI	1052451
2011	SC	4672637
2011	SD	824398
2011	TN	6397634
2011	TX	25646389
2011	UT	2816124
2011	VA	8110035
2011	VT	626730
2011	WA	6822520
2011	WI	5709640
2011	WV	1854972
2011	WY	567725
2012	AK	731089
2012	AL	4815960
2012	AR	2950685
2012	AZ	6549634
2012	CA	38011074
2012	CO	5189867
2012	CT	3593795
2012	DC	635327
2012	DE	916993
2012	FL	19344156
2012	GA	9914668
2012	HI	1391820
2012	IA	3076310
2012	ID	1595911
2012	IL	12870798
2012	IN	6537743
2012	KS	2885262
2012	KY	4384799
2012	LA	4603429
2012	MA	6658008
2012	MD	5889651
2012	ME	1328895
2012	MI	9887238
2012	MN	5380285
2012	MO	6025415
2012	MS	2984945
2012	MT	1005196
2012	NC	9746175
2012	ND	702087
2012	NE	1855725
2012	NH	1321182
2012	NJ	8873211
2012	NM	2083784
2012	NV	2752565
2012	NY	19602769
2012	OH	11550839
2012	OK	3817054
2012	OR	3899116
2012	PA	12771854
2012	RI	1052901
2012	SC	4720760
2012	SD	834441
2012	TN	6454306
2012	TX	26071655
2012	UT	2855782
2012	VA	8192048
2012	VT	626444
2012	WA	6895226
2012	WI	5726177
2012	WV	1856560
2012	WY	576765
2013	AK	736879
2013	AL	4829479
2013	AR	2958663
2013	AZ	6624617
2013	CA	38335203
2013	CO	5267603
2013	CT	3596003
2013	DC	649165
2013	DE	925395
2013	FL	19582022
2013	GA	9984938
2013	HI	1406481
2013	IA	3091930
2013	ID	1612011
2013	IL	12879505
2013	IN	6569102
2013	KS	2892821
2013	KY	4400477
2013	LA	4626402
2013	MA	6706786
2013	MD	5931129
2013	ME	1329076
2013	MI	9898982
2013	MN	5418521
2013	MO	6042711
2013	MS	2990482
2013	MT	1014314
2013	NC	9841590
2013	ND	724019
2013	NE	1868559
2013	NH	1322687
2013	NJ	8899162
2013	NM	2085193
2013	NV	2786464
2013	NY	19673546
2013	OH	11570022
2013	OK	3852415
2013	OR	3925751
2013	PA	12781338
2013	RI	1053033
2013	SC	4767894
2013	SD	844922
2013	TN	6494821
2013	TX	26473525
2013	UT	2902663
2013	VA	8262692
2013	VT	627140
2013	WA	6968006
2013	WI	5742854
2013	WV	1853231
2013	WY	582684
2014	AK	736705
2014	AL	4843214
2014	AR	2966912
2014	AZ	6719993
2014	CA	38680810
2014	CO	5349648
2014	CT	3591873
2014	DC	659005
2014	DE	934948
2014	FL	19888741
2014	GA	10087231
2014	HI	1416349
2014	IA	3108030
2014	ID	1633532
2014	IL	12867544
2014	IN	6595233
2014	KS	2899360
2014	KY	4413057
2014	LA	4647880
2014	MA	6749911
2014	MD	5967295
2014	ME	1330719
2014	MI	9915767
2014	MN	5453109
2014	MO	6060930
2014	MS	2992400
2014	MT	1022867
2014	NC	9934399
2014	ND	739904
2014	NE	1881145
2014	NH	1328743
2014	NJ	8925001
2014	NM	2083024
2014	NV	2833013
2014	NY	19718515
2014	OH	11594408
2014	OK	3877499
2014	OR	3968371
2014	PA	12790565
2014	RI	1054480
2014	SC	4828430
2014	SD	852561
2014	TN	6544663
2014	TX	26944751
2014	UT	2941836
2014	VA	8317372
2014	VT	626984
2014	WA	7054196
2014	WI	5758377
2014	WV	1848514
2014	WY	583642
2015	AK	737709
2015	AL	4853875
2015	AR	2977853
2015	AZ	6817565
2015	CA	38993940
2015	CO	5448819
2015	CT	3584730
2015	DC	670377
2015	DE	944076
2015	FL	20244914
2015	GA	10199398
2015	HI	1425157
2015	IA	3121997
2015	ID	1652828
2015	IL	12839047
2015	IN	6612768
2015	KS	2906721
2015	KY	4424611
2015	LA	4668960
2015	MA	6784240
2015	MD	5994983
2015	ME	1329453
2015	MI	9917715
2015	MN	5482435
2015	MO	6076204
2015	MS	2989390
2015	MT	1032073
2015	NC	10035186
2015	ND	756835
2015	NE	1893765
2015	NH	1330111
2015	NJ	8935421
2015	NM	2080328
2015	NV	2883758
2015	NY	19747183
2015	OH	11605090
2015	OK	3907414
2015	OR	4024634
2015	PA	12791904
2015	RI	1055607
2015	SC	4894834
2015	SD	857919
2015	TN	6595056
2015	TX	27429639
2015	UT	2990632
2015	VA	8367587
2015	VT	626088
2015	WA	7160290
2015	WI	5767891
2015	WV	1841053
2015	WY	586555
2016	AK	741894
2016	AL	4863300
2016	AR	2988248
2016	AZ	6931071
2016	CA	39250017
2016	CO	5540545
2016	CT	3576452
2016	DC	681170
2016	DE	952065
2016	FL	20612439
2016	GA	10310371
2016	HI	1428557
2016	IA	3134693
2016	ID	1683140
2016	IL	12801539
2016	IN	6633053
2016	KS	2907289
2016	KY	4436974
2016	LA	4681666
2016	MA	6811779
2016	MD	6016447
2016	ME	1331479
2016	MI	9928300
2016	MN	5519952
2016	MO	6093000
2016	MS	2988726
2016	MT	1042520
2016	NC	10146788
2016	ND	757952
2016	NE	1907116
2016	NH	1334795
2016	NJ	8944469
2016	NM	2081015
2016	NV	2940058
2016	NY	19745289
2016	OH	11614373
2016	OK	3923561
2016	OR	4093465
2016	PA	12784227
2016	RI	1056426
2016	SC	4961119
2016	SD	865454
2016	TN	6651194
2016	TX	27862596
2016	UT	3051217
2016	VA	8411808
2016	VT	624594
2016	WA	7288000
2016	WI	5778708
2016	WV	1831102
2016	WY	585501
